{"cameraMode":{"drawMode":0,"name":"Shaded","section":"Shading Mode"},"sceneLighting":true,"audioPlay":false,"sceneViewState":{"showFog":true,"showMaterialUpdate":true,"showSkybox":true,"showFlares":true,"showImageEffects":true,"showParticleSystems":true},"in2DMode":false,"pivot":{"x":7.016486644744873,"y":-3.159749984741211,"z":16.467296600341798},"rotation":{"x":-0.36963415145874026,"y":0.07182136923074722,"z":-0.02867622673511505,"w":-0.9259576201438904},"size":8.664556503295899,"orthographic":false}