{"cameraMode":{"drawMode":0,"name":"Shaded","section":"Shading Mode"},"sceneLighting":true,"audioPlay":false,"sceneViewState":{"showFog":true,"showMaterialUpdate":true,"showSkybox":true,"showFlares":true,"showImageEffects":true,"showParticleSystems":true},"in2DMode":false,"pivot":{"x":-23.277992248535158,"y":-12.110448837280274,"z":-0.6440658569335938},"rotation":{"x":0.006625966168940067,"y":0.966120719909668,"z":-0.25681164860725405,"w":0.02493264339864254},"size":81.25059509277344,"orthographic":false}