{"cameraMode":{"drawMode":0,"name":"Shaded","section":"Shading Mode"},"sceneLighting":true,"audioPlay":false,"sceneViewState":{"showFog":true,"showMaterialUpdate":true,"showSkybox":true,"showFlares":true,"showImageEffects":true,"showParticleSystems":true},"in2DMode":false,"pivot":{"x":0.3053867220878601,"y":1.7979621887207032,"z":2.0087080001831056},"rotation":{"x":0.06462415307760239,"y":-0.1754201203584671,"z":-0.01152539812028408,"w":-0.9823185801506043},"size":0.8997997641563416,"orthographic":false}